{"cameraMode":{"drawMode":0,"name":"Shaded","section":"Shading Mode"},"sceneLighting":true,"audioPlay":false,"sceneViewState":{"m_AlwaysRefresh":false,"showFog":true,"showSkybox":true,"showFlares":true,"showImageEffects":true,"showParticleSystems":true,"showVisualEffectGraphs":true,"m_FxEnabled":true},"in2DMode":false,"pivot":{"x":-0.11195123940706253,"y":1.867480754852295,"z":0.680060088634491},"rotation":{"x":-0.24087591469287873,"y":0.058920275419950488,"z":-0.014715739525854588,"w":-0.9687332510948181},"size":16.7015380859375,"orthographic":false}